id,lesson,kana,kanji,romaji,meaning,category,source
1,1,はじめましょう,,hajimemashou,mari kita mulai,classroom,mnn
2,1,おわりましょう,,owarimashou,mari kita akhiri,classroom,mnn
3,1,やすみましょう,,yasumimashou,mari kita istirahat,classroom,mnn
4,1,わかりますか,,wakarimasu ka,mengerti?,classroom,mnn
5,1,はい、わかります,,"hai, wakarimasu","ya, mengerti",classroom,mnn
6,1,いいえ、わかりません,,"iie, wakarimasen","Tidak, tidak mengerti",classroom,mnn
7,1,もういちどおねがいします,,mou ichido onegaishimasu,Tolong sekali lagi,classroom,mnn
8,1,いいです,,ii desu,benar / ya (jawaban guru),classroom,mnn
9,1,ちがいます,,chigaimasu,salah,classroom,mnn
10,1,なまえ,名前,namae,nama,classroom,mnn
11,1,しけん,試験,shiken,ujian,classroom,mnn
12,1,しゅくだい,宿題,shukudai,PR / pekerjaan rumah,classroom,mnn
13,1,しつもん,質問,shitsumon,pertanyaan,classroom,mnn
14,1,こたえ,答え,kotae,jawaban,classroom,mnn
15,1,れい,例,rei,contoh,classroom,mnn
16,1,おはようございます,,ohayou gozaimasu,selamat pagi,greeting,mnn
17,1,こんにちは,,konnichiwa,selamat siang / selamat sore,greeting,mnn
18,1,こんばんは,,konbanwa,selamat malam (salam),greeting,mnn
19,1,おやすみなさい,,oyasuminasai,selamat tidur,greeting,mnn
20,1,さようなら,,sayounara,selamat tinggal (lama),greeting,mnn
21,1,じゃあ、また,,"jaa, mata",sampai jumpa lagi,expression,mnn
22,1,またあした,,mata ashita,sampai jumpa besok,expression,mnn
23,1,ありがとうございます,,arigatou gozaimasu,terima kasih,expression,mnn
24,1,いいえ、どういたしまして,,"iie, dou itashimashite",sama-sama,expression,mnn
25,1,すみません,,sumimasen,maaf / permisi / terima kasih ringan,expression,mnn
26,1,ごめんなさい,,gomen nasai,maaf (lebih pribadi),expression,mnn
27,1,おねがいします,,onegaishimasu,tolong / mohon,expression,mnn
28,1,はい,,hai,ya,expression,mnn
29,1,わかりました,,wakarimashita,saya mengerti,expression,mnn
30,1,ちょっと,,chotto,sebentar / sedikit / agak (ungkapan halus menolak),expression,mnn
31,1,どうぞ,,douzo,silakan,expression,mnn
32,1,どうも,,doumo,terima kasih ringan / halo santai,expression,mnn
33,1,わたし,私,watashi,saya,core,mnn
34,1,あなた,,anata,anda/kamu (jarang dipakai jika tahu nama),core,mnn
35,1,あのひと,あの人,ano hito,orang itu,core,mnn
36,1,あのかた,あの方,ano kata,beliau (lebih sopan dari "ano hito"),core,mnn
37,1,みなさん,,minasan,semua orang,core,mnn
38,1,〜さん,,~san,Sodara/Tuan/Nyonya/Bapak/Ibu (sapaan/akhiran untuk mengekspresikan kesopanan yang diletakan dibelakang nama orang),core,mnn
39,1,〜ちゃん,,~chan,sapaan akrab untuk anak laki-laki/perempuan sebagai pengganti "さん" dan diletakan dibelakang nama anak,core,mnn
40,1,〜くん,,~kun,sapaan untuk laki-laki,core,mnn
41,1,ひと,人,hito,orang,core,mnn
42,1,せんせい,先生,sensei,guru/dosen (tidak dipakai jika menyebutkan pekerjaan sendiri),core,mnn
43,1,きょうし,教師,kyoushi,guru/dosen (profesi),core,mnn
44,1,がくせい,学生,gakusei,pelajar/mahasiswa,core,mnn
45,1,かいしゃいん,会社員,kaishain,karyawan perusahaan,core,mnn
46,1,しゃいん,社員,shain,karyawan perusahaan (dipakai bersama dengan nama perusahaan. Contoh: "Toyota の しゃいん"),core,mnn
47,1,ぎんこういん,銀行員,ginkouin,pegawai bank,core,mnn
48,1,いしゃ,医者,isha,dokter,core,mnn
49,1,けんきゅうしゃ,研究者,kenkyuusha,peneliti,core,mnn
50,1,だいがく,大学,daigaku,universitas,core,mnn
51,1,びょういん,病院,byouin,rumah sakit,core,mnn
52,1,だれ,,dare,siapa,core,mnn
53,1,どなた,,donata,siapa (lebih sopan dari "dare"),core,mnn
54,1,〜人,〜じん,~jin,orang/bangsa (akhiran negara),core,mnn
55,1,〜さい,〜歳,~sai,umur (akhiran usia),core,mnn
56,1,なんさい,何歳,nansai,umur berapa,core,mnn
57,1,おいくつ,,oikutsu,umur berapa (lebih sopan),core,mnn
58,1,〜からきました,〜から来ました,~kara kimashita,berasal dari ~,core,mnn
59,1,にほん,日本,nihon,Jepang,reference,mnn
60,1,インドネシア,,indoneshia,Indonesia,reference,mnn
61,1,アメリカ,,amerika,Amerika Serikat,reference,mnn
62,1,ちゅうごく,中国,chuugoku,Tiongkok,reference,mnn
63,1,かんこく,韓国,kankoku,Korea Selatan,reference,mnn
64,1,かいしゃ,会社,kaisha,perusahaan,reference,mnn
65,1,かぞく,家族,kazoku,keluarga,reference,mnn
66,1,しごと,仕事,shigoto,pekerjaan,reference,mnn
67,1,なまえ,名前,namae,nama,reference,mnn
68,1,はじめまして,,hajimemashite,ungkapan saat perkenalan pertama,info,mnn
69,1,どうぞよろしくおねがいします,どうぞよろしくお願いします,douzo yoroshiku onegaishimasu,mohon kerja samanya,info,mnn
70,1,〜です,,~desu,akhiran kalimat sopan,info,mnn
71,1,〜ではありません,,~dewa arimasen,bukan (bentuk sopan),info,mnn
72,1,〜ですか,,~desu ka,penanda kalimat tanya,info,mnn
73,1,はい,,hai,ya,info,mnn
74,1,いいえ,,iie,tidak,info,mnn
75,1,しつれいですが,失礼ですが,shitsurei desu ga,"permisi (digunakan ketika bertanya tentang hal yang pribadi seperti nama,alamat,dan sebagainya)",info,mnn
76,1,おなまえは,お名前は,onamae wa?,siapa nama Anda?,info,mnn
77,1,インド,,indo,India,reference,mnn
78,1,ブラジル,,burajiru,Brasil,reference,mnn
79,1,ドイツ,,doitsu,Jerman,reference,mnn
80,1,タイ,,tai,Thailand,reference,mnn
81,1,イギリス,,igirisu,Inggris,reference,mnn
82,1,イタリア,,itaria,Italia,reference,mnn
83,1,イラン,,iran,Iran,reference,mnn
84,1,エジプト,,ejiputo,Mesir,reference,mnn
85,1,オーストラリア,,oosutoraria,Australia,reference,mnn
86,1,カナダ,,kanada,Kanada,reference,mnn
87,1,サウジアラビア,,sauji arabia,Arab Saudi,reference,mnn
88,1,シンガポール,,shingapooru,Singapura,reference,mnn
89,1,スペイン,,supein,Spanyol,reference,mnn
90,1,フランス,,furansu,Perancis,reference,mnn
91,1,フィリピン,,firipin,Filipina,reference,mnn
92,1,ベトナム,,betonamu,Vietnam,reference,mnn
93,1,マレーシア,,mareeshia,Malaysia,reference,mnn
94,1,メキシコ,,mekishiko,Meksiko,reference,mnn
95,1,ロシア,,roshia,Rusia,reference,mnn

96,2,これ,,kore,ini (benda dekat pembicara),core,mnn
97,2,それ,,sore,itu (benda dekat lawan bicara),core,mnn
98,2,あれ,,are,itu (benda jauh dari keduanya),core,mnn
99,2,この,,kono,ini (penunjuk benda),core,mnn
100,2,その,,sono,itu (penunjuk benda),core,mnn
101,2,あの,,ano,itu (penunjuk benda jauh),core,mnn
102,2,ほん,本,hon,buku,core,mnn
103,2,じしょ,辞書,jisho,kamus,core,mnn
104,2,ざっし,雑誌,zasshi,majalah,core,mnn
105,2,しんぶん,新聞,shinbun,koran/surat kabar,core,mnn
106,2,ノート,,nooto,buku tulis/buku catatan,core,mnn
107,2,てちょう,手帳,techou,buku agenda/catatan kecil,core,mnn
108,2,めいし,名刺,meishi,kartu nama,core,mnn
109,2,カード,,kaado,kartu,core,mnn
110,2,テレホンカード,,terehon kaado,kartu telepon,core,mnn
111,2,えんぴつ,鉛筆,enpitsu,pensil,core,mnn
112,2,ボールペン,,boorupen,pulpen,core,mnn
113,2,シャープペンシル,,shaapu penshiru,pensil mekanik/pensil isi ulang,core,mnn
114,2,かぎ,鍵,kagi,kunci,core,mnn
115,2,とけい,時計,tokei,jam,core,mnn
116,2,かさ,傘,kasa,payung,core,mnn
117,2,かばん,鞄,kaban,tas,core,mnn
118,2,くつ,靴,kutsu,sepatu,core,mnn
119,2,くつした,靴下,kutsushita,kaos kaki,core,mnn
120,2,テレビ,,terebi,televisi,core,mnn
121,2,カメラ,,kamera,kamera,core,mnn
122,2,コンピューター,,konpyuutaa,komputer,core,mnn
123,2,ラジオ,,rajio,radio,core,mnn
124,2,でんわ,電話,denwa,telepon,core,mnn
125,2,つくえ,机,tsukue,meja,core,mnn
126,2,いす,椅子,isu,kursi,core,mnn
127,2,チョコレート,,chokoreeto,cokelat,core,mnn
128,2,コーヒー,,koohii,kopi,core,mnn
129,2,えいご,英語,eigo,bahasa Inggris,core,mnn
130,2,にほんご,日本語,nihongo,bahasa Jepang,core,mnn
131,2,〜ご,〜語,~go,bahasa ~ (akhiran),core,mnn
132,2,いくら,,ikura,berapa harganya,core,mnn
133,2,くるま,車,kuruma,mobil,core,mnn
134,2,おみやげ,お土産,omiyage,oleh-oleh,core,mnn
135,2,なに,何,nani,apa,core,mnn
136,2,そう,,sou,ya/begitu,core,mnn
137,2,あのう,,anou,Eee... (ungkapan ragu sebelum berbicara kepada lawan bicara),info,mnn
138,2,ええ,,ee,Eh (dipakai ketika mendengar sesuatu yang diluar dugaan),info,mnn
139,2,どうぞ,,douzo,silakan(digunakan untuk menawarkan sesuatu (barang)),info,mnn
140,2,どうも,,doumo,terima kasih (singkat/santai),info,mnn
141,2,ありがとうございます,,arigatou gozaimasu,terima kasih (sopan),info,mnn
142,2,そうですか,,sou desu ka,"oh, begitu / oh, ya",info,mnn
143,2,ちがいます,,chigaimasu,bukan/tidak/salah,info,mnn
144,2,そうです,,sou desu,ya / benar,info,mnn
145,2,これからおせわになります,これからお世話になります,korekara osewa ni narimasu,mulai sekarang saya akan meminta bantuannya,info,mnn
146,2,こちらこそ[どうぞ]よろしく[おねがいします],こちらこそ[どうぞ]よろしく[お願いします],kochira koso yoroshiku onegaishimasu,ya sama-sama (balasan sopan),info,mnn
147,2,さとう,佐藤,satou,nama keluarga Jepang (paling umum),reference,mnn
148,2,すずき,鈴木,suzuki,nama keluarga Jepang,reference,mnn
149,2,たかはし,高橋,takahashi,nama keluarga Jepang,reference,mnn
150,2,たなか,田中,tanaka,nama keluarga Jepang,reference,mnn
151,2,わたなべ,渡辺,watanabe,nama keluarga Jepang,reference,mnn
152,2,いとう,伊藤,itou,nama keluarga Jepang,reference,mnn
153,2,やまもと,山本,yamamoto,nama keluarga Jepang,reference,mnn
154,2,なかむら,中村,nakamura,nama keluarga Jepang,reference,mnn
155,2,こばやし,小林,kobayashi,nama keluarga Jepang,reference,mnn
156,2,かとう,加藤,katou,nama keluarga Jepang,reference,mnn
157,2,よしだ,吉田,yoshida,nama keluarga Jepang,reference,mnn
158,2,やまだ,山田,yamada,nama keluarga Jepang,reference,mnn
159,2,ささき,佐々木,sasaki,nama keluarga Jepang,reference,mnn
160,2,やまぐち,山口,yamaguchi,nama keluarga Jepang,reference,mnn
161,2,まつもと,松本,matsumoto,nama keluarga Jepang,reference,mnn
162,2,いのうえ,井上,inoue,nama keluarga Jepang,reference,mnn
163,2,きむら,木村,kimura,nama keluarga Jepang,reference,mnn
164,2,はやし,林,hayashi,nama keluarga Jepang,reference,mnn
165,2,しみず,清水,shimizu,nama keluarga Jepang,reference,mnn
166,2,やまざき,山崎,yamazaki,nama keluarga Jepang,reference,mnn

167,3,ここ,,koko,di sini (dekat pembicara),core,mnn
168,3,そこ,,soko,di situ (dekat lawan bicara),core,mnn
169,3,あそこ,,asoko,di sana (jauh dari keduanya),core,mnn
170,3,どこ,,doko,di mana,core,mnn
171,3,きょうしつ,教室,kyoushitsu,ruang kelas,core,mnn
172,3,しょくどう,食堂,shokudou,kantin/ruang makan/rumah makan,core,mnn
173,3,じむしょ,事務所,jimusho,kantor,core,mnn
174,3,かいぎしつ,会議室,kaigishitsu,ruang rapat,core,mnn
175,3,うけつけ,受付,uketsuke,resepsionis/meja penerima tamu,core,mnn
176,3,ロビー,,robii,lobi,core,mnn
177,3,へや,部屋,heya,kamar/ruangan,core,mnn
178,3,トイレ,,toire,toilet,core,mnn
179,3,かいだん,階段,kaidan,tangga,core,mnn
180,3,エレベーター,,erebeetaa,lift,core,mnn
181,3,エスカレーター,,esukareetaa,eskalator,core,mnn
182,3,じどうはんばいき,自動販売機,jidou hanbaiki,mesin penjual otomatis,core,mnn
183,3,でんわ,電話,denwa,telepon,core,mnn
184,3,[お]くに,お国,okuni,negara/negeri,core,mnn
185,3,かいしゃ,会社,kaisha,perusahaan,core,mnn
186,3,うち,,uchi,rumah (ungkapan sendiri),core,mnn
187,3,くつ,靴,kutsu,sepatu,core,mnn
188,3,ネクタイ,,nekutai,dasi,core,mnn
189,3,ワイン,,wain,anggur/wine,core,mnn
190,3,うりば,売り場,uriba,tempat/bagian penjualan/konter,core,mnn
191,3,ちか,地下,chika,bawah tanah/lantai bawah,core,mnn
192,3,なんがい,何階,nankai,lantai berapa,core,mnn
193,3,こちら,,kochira,di sini (bentuk sopan),core,mnn
194,3,そちら,,sochira,di situ (bentuk sopan),core,mnn
195,3,あちら,,achira,di sana (bentuk sopan),core,mnn
196,3,どちら,,dochira,yang mana / di mana (bentuk sopan),core,mnn
197,3,おてあらい,,otearai,toilet (ungkapan sopan),core,mnn
198,3,〜かい,〜階,~kai,penanda lantai (mis: 3階),core,mnn
199,3,〜がい,〜階,~gai,akhiran lantai/bangunan (bacaan alternatif),core,mnn
200,3,〜がい,〜階,~gai,lantai ~ (cara baca alternatif),reference,mnn
201,3,〜えん,〜円,~en,yen (mata uang Jepang),core,mnn
202,3,いくら,,ikura,berapa (harga),core,mnn
203,3,ひゃく,百,hyaku,seratus,core,mnn
204,3,せん,千,sen,seribu,core,mnn
205,3,いちまん,一万,ichiman,sepuluh ribu,core,mnn
206,3,すみません,,sumimasen,permisi / maaf,info,mnn
207,3,どうも,,doumo,terima kasih (ungkapan ringan/singkat),info,mnn
208,3,いらっしゃいませ,,irasshaimase,selamat datang / bisa saya bantu? (ungkapan kepada tamu yang masuk ke toko),info,mnn
209,3,[〜を]みせてください,[〜を]見せてください,[~ o] misete kudasai,tolong perlihatkan [~],info,mnn
210,3,じゃ,,ja,"Baiklah, kalau begitu.",info,mnn
211,3,[〜を]ください,,[~ o] kudasai,"Minta[~]./Tolong berikan [~]",info,mnn
212,3,どうぞ,,douzo,silakan,info,mnn
213,3,デパート,,depaato,department store,reference,mnn
214,3,あゆうえんち,遊園 地,yuuenchi,tempat hiburan/taman bermain,reference,mnn
215,3,レストラン,,resutoran,restoran,reference,mnn
216,3,えんげきじょう,演劇場,engekijou,tempat pertunjukan,reference,mnn
217,3,とけい,時計,tokei,jam,reference,mnn
218,3,めがね,眼鏡,megane,kacamata,reference,mnn
219,3,スポーツようひん,スポーツ用品,supootsu youhin,peralatan olahraga,reference,mnn
220,3,りょこうようひん,旅行用品,ryokou youhin,peralatan bepergian,reference,mnn
221,3,こどもふく,子供服,kodomofuku,pakaian anak,reference,mnn
222,3,おもちゃ,,omocha,mainan,reference,mnn
223,3,ほん,本,hon,buku,reference,mnn
224,3,ぶんぼうぐ,文房具,bunbougu,alat tulis,reference,mnn
225,3,かていようひん,家庭用品,kateiyouhin,perlengkapan rumah,reference,mnn
226,3,しょっき,食器,shokki,alat makan,reference,mnn
227,3,でんきせいひん,電気製品,denkiseihin,barang elektronik,reference,mnn
228,3,ふく,服,fuku,pakaian,reference,mnn
229,3,しんしふく,紳士服,shinshi fuku,pakaian pria,reference,mnn
230,3,ふじんふく,婦人服,fujinfuku,pakaian wanita,reference,mnn
231,3,くつ,靴,kutsu,sepatu,reference,mnn
232,3,かばん,鞄,kaban,tas,reference,mnn
233,3,けしょうひん,化粧品,keshouhin,kosmetik,reference,mnn
234,3,アクセサリー,,akusesarii,perhiasan,reference,mnn
235,3,たべもの,食べ物,tabemono,makanan,reference,mnn
236,3,のみもの,飲み物,nomimono,minuman,reference,mnn
237,3,ちゅうしゃじょう,駐車場,chuushajou,tempat parkir,reference,mnn

238,4,おきます,起きます,okimasu,bangun (tidur → bangun),core,mnn
239,4,ねます,寝ます,nemasu,tidur,core,mnn
240,4,はたらきます,働きます,hatarakimasu,bekerja,core,mnn
241,4,やすみます,休みます,yasumimasu,beristirahat / libur,core,mnn
242,4,べんきょうします,勉強します,benkyou shimasu,belajar,core,mnn
243,4,おわります,終わります,owarimasu,selesai,core,mnn
244,4,デパート,,depaato,department store,core,mnn
245,4,ぎんこう,銀行,ginkou,bank,core,mnn
246,4,ゆうびんきょく,郵便局,yuubinkyoku,kantor pos,core,mnn
247,4,としょかん,図書館,toshokan,perpustakaan,core,mnn
248,4,びじゅつかん,美術館,bijutsukan,gedung seni/museum seni,core,mnn
249,4,いま,今,ima,sekarang,core,mnn
250,4,〜じ,〜時,~ji,jam ~,core,mnn
251,4,〜ふん,〜分,~fun,menit ~,core,mnn
252,4,はん,半,han,setengah,core,mnn
253,4,なんじ,何時,nanji,jam berapa,core,mnn
254,4,なんぷん,何分,nanpun,berapa menit,core,mnn
255,4,ごぜん,午前,gozen,pagi (a.m.),core,mnn
256,4,ごご,午後,gogo,siang/sore (p.m.),core,mnn
257,4,あさ,朝,asa,pagi,core,mnn
258,4,ひる,昼,hiru,siang,core,mnn
259,4,よる,夜,yoru,malam,core,mnn
260,4,けさ,今朝,kesa,pagi ini / tadi pagi,core,mnn
261,4,こんばん,今晩,konban,malam ini / nanti malam,core,mnn
262,4,きのう,昨日,kinou,kemarin,core,mnn
263,4,おととい,,ototoi,dua hari lalu / kemarin lusa,core,mnn
264,4,きょう,今日,kyou,hari ini,core,mnn
265,4,あした,明日,ashita,besok,core,mnn
266,4,あさって,,asatte,lusa,core,mnn
267,4,やすみ,休み,yasumi,istirahat / cuti / libur,core,mnn
268,4,ひるやすみ,昼休み,hiruyasumi,istirahat siang,core,mnn
269,4,しけん,試験,shiken,ujian,core,mnn
270,4,かいぎ,会議,kaigi,rapat,core,mnn
271,4,かいぎをします,会議をします,kaigi o shimasu,mengadakan rapat,core,mnn
272,4,えいが,映画,eiga,film,core,mnn
273,4,まいあさ,毎朝,maiasa,setiap pagi,core,mnn
274,4,まいばん,毎晩,maiban,setiap malam,core,mnn
275,4,まいにち,毎日,mainichi,setiap hari,core,mnn
276,4,げつようび,月曜日,getsuyoubi,Senin,core,mnn
277,4,かようび,火曜日,kayoubi,Selasa,core,mnn
278,4,すいようび,水曜日,suiyoubi,Rabu,core,mnn
279,4,もくようび,木曜日,mokuyoubi,Kamis,core,mnn
280,4,きんようび,金曜日,kinyoubi,Jumat,core,mnn
281,4,どようび,土曜日,doyoubi,Sabtu,core,mnn
282,4,にちようび,日曜日,nichiyoubi,Minggu,core,mnn
283,4,なんようび,何曜日,nanyoubi,hari apa,core,mnn
284,4,〜から,,~ kara,dari ~,core,mnn
285,4,〜まで,,~ made,sampai ~,core,mnn
286,4,〜と,,~ to,dengan / dan (penghubung),core,mnn
287,4,ばんごう,番号,bangou,nomor,core,mnn
288,4,なんばん,何番,nanban,nomor berapa,core,mnn
289,4,そこ,,soko,di situ,core,mnn
290,4,ニューヨーク,,nyuu yooku,New York,core,mnn
291,4,ペキン,,pekin,Beijing,core,mnn
292,4,ベルリン,,berurin,Berlin,core,mnn
293,4,ロサンゼルス,,rosanzerusu,Los Angeles,core,mnn
294,4,ロンドン,,rondon,London,core,mnn
295,4,まいほん,毎週,maihon,setiap minggu,core,mnn
296,4,まいねん,毎年,mainen,setiap tahun,core,mnn
297,4,まいがく,毎月,maigaku,setiap bulan,core,mnn
298,4,たいへんですね,大変ですね,taihen desu ne,O.. berat ya./Susah ya./Pasti melelahkan ya.(ungkapan untuk menyatakan simpati terhadap seseorang yang mengalami kesusahan),core,mnn
299,4,でんわ,電話,denwa,telepon,core,mnn
300,4,てがみ,手紙,tegami,surat,core,mnn
301,4,じゅうえん,十円,juu en,10 yen,core,mnn
302,4,ひゃくえん,百円,hyaku en,100 yen,core,mnn
303,4,はじめます,始めます,hajimemasu,mulai / start,core,mnn
304,4,おします,押します,oshimasu,menekan (tombol),core,mnn
305,4,あとで,,ato de,setelah / nanti,core,mnn
306,4,けいさつしょ,警察署,keisatsusho,kantor polisi,core,mnn
307,4,しょうぼうしょ,消防署,shoubousho,pemadam kebakaran,core,mnn
308,4,じかんあんない,時間案内,jikan annai,pemberitahuan waktu (telepon),core,mnn
309,4,てんきよほう,天気予報,tenki yohou,ramalan cuaca,core,mnn
310,4,でんわばんごうあんない,電話番号案内,denwa bangou annai,petunjuk nomor telepon,core,mnn
311,4,ひゃくじゅう,１１０,hyaku juu,nomor darurat polisi (110),info,mnn
312,4,ひゃくじゅうきゅう,１１９,hyaku juu kyuu,nomor darurat pemadam kebakaran & ambulans (119),info,mnn
313,4,ひゃくじゅうなな,１１７,hyaku juu nana,layanan pemberitahuan waktu (telepon),info,mnn
314,4,ひゃくななじゅうなな,１７７,hyaku nana juu nana,layanan ramalan cuaca (telepon),info,mnn
315,4,ひゃくよん,１０４,hyaku yon,layanan informasi nomor telepon,info,mnn

316,5,いきます,行きます,ikimasu,pergi,core,mnn
317,5,きます,来ます,kimasu,datang,core,mnn
318,5,かえります,帰ります,kaerimasu,pulang,core,mnn
319,5,がっこう,学校,gakkou,sekolah,core,mnn
320,5,スーパー,,suupaa,supermarket,core,mnn
321,5,えき,駅,eki,stasiun,core,mnn
322,5,ひこうき,飛行機,hikouki,pesawat terbang,core,mnn
323,5,でんしゃ,電車,densha,kereta listrik,core,mnn
324,5,バス,,basu,bus,core,mnn
325,5,タクシー,,takushii,taksi,core,mnn
326,5,じてんしゃ,自転車,jitensha,sepeda,core,mnn
327,5,あるいて,歩いて,aruite,jalan kaki,core,mnn
328,5,ふね,船,fune,kapal,core,mnn
329,5,ちかてつ,地下鉄,chikatetsu,kereta bawah tanah,core,mnn
330,5,しんかんせん,新幹線,shinkansen,kereta cepat (Shinkansen),core,mnn
331,5,バイク,,baiku,motor,core,mnn
332,5,くるま,車,kuruma,mobil,core,mnn
333,5,ひと,人,hito,orang,core,mnn
334,5,ともだち,友達,tomodachi,teman,core,mnn
335,5,かれ,彼,kare,dia (laki-laki),core,mnn
336,5,かのじょ,彼女,kanojo,dia (perempuan),core,mnn
337,5,かぞく,家族,kazoku,keluarga,core,mnn
338,5,ひとりで,一人で,hitori de,sendirian,core,mnn
339,5,なにで,何で,nani de,dengan apa (alat transportasi),core,mnn
340,5,きょう,今日,kyou,hari ini,core,mnn
341,5,あした,明日,ashita,besok,core,mnn
342,5,あさって,,asatte,lusa,core,mnn
343,5,きのう,昨日,kinou,kemarin,core,mnn
344,5,おととい,,ototoi,kemarin lusa,core,mnn
345,5,こんしゅう,今週,konshuu,minggu ini,core,mnn
346,5,らいしゅう,来週,raishuu,minggu depan,core,mnn
347,5,せんしゅう,先週,senshuu,minggu lalu,core,mnn
348,5,こんげつ,今月,kongetsu,bulan ini,core,mnn
349,5,らいげつ,来月,raigetsu,bulan depan,core,mnn
350,5,せんげつ,先月,sengetsu,bulan lalu,core,mnn
351,5,ことし,今年,kotoshi,tahun ini,core,mnn
352,5,らいねん,来年,rainen,tahun depan,core,mnn
353,5,きょねん,去年,kyonen,tahun lalu,core,mnn
354,5,まいにち,毎日,mainichi,setiap hari,core,mnn
355,5,まいあさ,毎朝,maiasa,setiap pagi,core,mnn
356,5,まいばん,毎晩,maiban,setiap malam,core,mnn
357,5,なんようび,何曜日,nanyoubi,hari apa,core,mnn
358,5,げつようび,月曜日,getsuyoubi,Senin,core,mnn
359,5,かようび,火曜日,kayoubi,Selasa,core,mnn
360,5,すいようび,水曜日,suiyoubi,Rabu,core,mnn
361,5,もくようび,木曜日,mokuyoubi,Kamis,core,mnn
362,5,きんようび,金曜日,kinyoubi,Jumat,core,mnn
363,5,どようび,土曜日,doyoubi,Sabtu,core,mnn
364,5,にちようび,日曜日,nichiyoubi,Minggu,core,mnn
365,5,〜ねん,〜年,~nen,~ tahun,core,mnn
366,5,なんねん,何年,nannen,tahun berapa,core,mnn
367,5,〜がつ,〜月,~gatsu,~ bulan,core,mnn
368,5,なんがつ,何月,nangatsu,bulan apa,core,mnn
369,5,〜にち,〜日,~nichi,~ tanggal,core,mnn
370,5,なんにち,何日,nannichi,tanggal berapa / berapa hari,core,mnn
371,5,ついたち,一日,tsuitachi,tanggal 1,core,mnn
372,5,ふつか,二日,futsuka,tanggal 2,core,mnn
373,5,みっか,三日,mikka,tanggal 3,core,mnn
374,5,よっか,四日,yokka,tanggal 4,core,mnn
375,5,いつか,五日,itsuka,tanggal 5,core,mnn
376,5,むいか,六日,muika,tanggal 6,core,mnn
377,5,なのか,七日,nanoka,tanggal 7,core,mnn
378,5,ようか,八日,youka,tanggal 8,core,mnn
379,5,ここのか,九日,kokonoka,tanggal 9,core,mnn
380,5,とおか,十日,tooka,tanggal 10,core,mnn
381,5,じゅういちにち,十一日,juuichinichi,tanggal 11,core,mnn
382,5,じゅうににち,十二日,juuninichi,tanggal 12,core,mnn
383,5,じゅうさんにち,十三日,juusannichi,tanggal 13,core,mnn
384,5,じゅうよっか,十四日,juuyokka,tanggal 14,core,mnn
385,5,じゅうごにち,十五日,juugonichi,tanggal 15,core,mnn
386,5,じゅうろくにち,十六日,juurokunichi,tanggal 16,core,mnn
387,5,じゅうしちにち,十七日,juushichinichi,tanggal 17,core,mnn
388,5,じゅうはちにち,十八日,juuhachinichi,tanggal 18,core,mnn
389,5,じゅうくにち,十九日,juukunichi,tanggal 19,core,mnn
390,5,はつか,二十日,hatsuka,tanggal 20,core,mnn
391,5,にじゅういちにち,二十一日,nijuuichinichi,tanggal 21,core,mnn
392,5,にじゅうににち,二十二日,nijuuninichi,tanggal 22,core,mnn
393,5,にじゅうさんにち,二十三日,nijuusannichi,tanggal 23,core,mnn
394,5,にじゅうよっか,二十四日,nijuuyokka,tanggal 24,core,mnn
395,5,いつ,,itsu,kapan,core,mnn
396,5,たんじょうび,誕生日,tanjoubi,hari ulang tahun,core,mnn
397,5,どうもありがとうございました,,doumo arigatou gozaimashita,terima kasih banyak (lampau / sangat sopan),info,mnn
398,5,どういたしまして,,dou itashimashite,sama-sama (jawaban terima kasih),info,mnn
399,5,〜ばんせん,〜番線,~bansen,peron nomor ~ / jalur nomor ~,info,mnn
400,5,つぎ,,tsugi,yang berikutnya,info,mnn
401,5,ふつう,普通,futsuu,biasa (kereta biasa),reference,mnn
402,5,きゅうこう,急行,kyuukou,ekspres,reference,mnn
403,5,とっきゅう,特急,tokkyuu,super ekspres,reference,mnn
404,5,こうしえん,,koushien,Kōshien (kota dekat Osaka / stadion baseball terkenal),info,mnn
405,5,おおさかじょう,大阪城,oosakajou,Benteng Osaka (kastil kuno terkenal di Osaka),info,mnn
406,5,カレンダー,,karendaa,kalender,reference,mnn
407,5,しゅくじつ,祝日,shukujitsu,hari libur nasional,reference,mnn
408,5,がんじつ,元日,ganjitsu,Tahun Baru (1 Januari),info,mnn
409,5,せいじんのひ,成人の日,seijin no hi,Hari Perayaan Menjadi Dewasa (Senin ke-2 Januari),info,mnn
410,5,けんこくきねんのひ,建国記念の日,kenkoku kinen no hi,Hari Pembangunan Nasional (11 Februari),info,mnn
411,5,てんのうたんじょうび,天皇誕生日,tennou tanjoubi,Hari Ulang Tahun Kaisar (23 Februari),info,mnn
412,5,しゅんぶんのひ,春分の日,shunbun no hi,Hari Equinox Musim Semi (sekitar 20–21 Maret),info,mnn
413,5,しょうわのひ,昭和の日,showa no hi,Hari Showa (29 April),info,mnn
414,5,けんぽうきねんび,憲法記念日,kenpou kinenbi,Hari Peringatan Konstitusi (3 Mei),info,mnn
415,5,みどりのひ,みどりの日,midori no hi,Hari Penghijauan (4 Mei),info,mnn
416,5,こどものひ,子供の日,kodomo no hi,Hari Anak (5 Mei),info,mnn
417,5,うみのひ,海の日,umi no hi,Hari Bahari (Senin ke-3 Juli),info,mnn
418,5,やまのひ,山の日,yama no hi,Hari Gunung (11 Agustus),info,mnn
419,5,けいろうのひ,敬老の日,keirou no hi,Hari Hormat kepada Orang Tua (Senin ke-3 September),info,mnn
420,5,しゅうぶんのひ,秋分の日,shuubun no hi,Hari Equinox Musim Gugur (sekitar 22–23 September),info,mnn
421,5,スポーツのひ,,supootsu no hi,Hari Olahraga (Senin ke-2 Oktober),info,mnn
422,5,ぶんかのひ,文化の日,bunka no hi,Hari Kebudayaan (3 November),info,mnn
423,5,きんろうかんしゃのひ,勤労感謝の日,kinrou kansha no hi,Hari Bersyukur atas Pekerjaan (23 November),info,mnn
424,5,いちがつついたち,一月一日,ichigatsu tsuitachi,1 Januari,info,mnn
425,5,にがつじゅういちにち,二月十一日,nigatsu juuichinichi,11 Februari,info,mnn
426,5,にがつにじゅうさんにち,二月二十三日,nigatsu nijuu-san nichi,23 Februari,info,mnn
427,5,さんがつはつか,三月二十日,sangatsu hatsuka,20 Maret,info,mnn
428,5,さんがつにじゅういちにち,三月二十一日,sangatsu nijuu-ichi nichi,21 Maret,info,mnn
429,5,よんがつにじゅうくにち,四月二十九日,yongatsu nijuu-ku nichi,29 April,info,mnn
430,5,ごがつみっか,五月三日,gogatsu mikka,3 Mei,info,mnn
431,5,ごがつよっか,五月四日,gogatsu yokka,4 Mei,info,mnn
432,5,ごがついつか,五月五日,gogatsu itsuka,5 Mei,info,mnn
433,5,しちがつさんしゅうめのげつようび,七月第三月曜日,shichigatsu daisan getsuyoubi,Senin ke-3 bulan Juli,info,mnn
434,5,はちがつじゅういちにち,八月十一日,hachigatsu juuichinichi,11 Agustus,info,mnn
435,5,くがつさんしゅうめのげつようび,九月第三月曜日,kugatsu daisan getsuyoubi,Senin ke-3 bulan September,info,mnn
436,5,くがつにじゅうににち,九月二十二日,kugatsu nijuu-ni nichi,22 September,info,mnn
437,5,くがつにじゅうさんにち,九月二十三日,kugatsu nijuu-san nichi,23 September,info,mnn
438,5,じゅうがつにしゅうめのげつようび,十月第二月曜日,juugatsu da-ni getsuyoubi,Senin ke-2 bulan Oktober,info,mnn
439,5,じゅういちがつみっか,十一月三日,juuichigatsu mikka,3 November,info,mnn
440,5,じゅういちがつにじゅうさんにち,十一月二十三日,juuichigatsu nijuu-san nichi,23 November,info,mnn

441,6,たべます,食べます,tabemasu,makan,core,mnn
442,6,のみます,飲みます,nomimasu,minum,core,mnn
443,6,すいます,吸います,suimasu,merokok / menghisap [rokok],core,mnn
444,6,みます,見ます,mimasu,melihat / menonton,core,mnn
445,6,ききます,聞きます,kikimasu,mendengar,core,mnn
446,6,よみます,読みます,yomimasu,membaca,core,mnn
447,6,かきます,書きます,kakimasu,menulis/menggambar,core,mnn
448,6,かいます,買います,kaimasu,membeli,core,mnn
449,6,とります,撮ります,torimasu,mengambil (foto) / memetik,core,mnn
450,6,します,,shimasu,melakukan,core,mnn
451,6,あいます,会います,aimasu,bertemu,core,mnn
452,6,ごはん,,gohan,nasi / makanan,core,mnn
453,6,あさごはん,朝ごはん,asagohan,sarapan,core,mnn
454,6,ひるごはん,昼ごはん,hirugohan,makan siang,core,mnn
455,6,ばんごはん,晩ごはん,bangohan,makan malam,core,mnn
456,6,パン,,pan,roti,core,mnn
457,6,たまご,卵,tamago,telur,core,mnn
458,6,にく,肉,niku,daging,core,mnn
459,6,さかな,魚,sakana,ikan,core,mnn
460,6,やさい,野菜,yasai,sayur-sayuran,core,mnn
461,6,くだもの,果物,kudamono,buah-buahan,core,mnn
462,6,みず,水,mizu,air,core,mnn
463,6,おちゃ,お茶,ocha,teh/teh jepang/teh hijau,core,mnn
464,6,こうちゃ,紅茶,koucha,teh hitam,core,mnn
465,6,ぎゅうにゅう,牛乳,gyuunyuu,susu,core,mnn
466,6,ジュース,,juusu,jus/sari buah,core,mnn
467,6,ビール,,biiru,bir,core,mnn
468,6,[お]さけ,[お]酒,osake,minuman keras beralkohol,core,mnn
469,6,たばこ,,tabako,rokok,core,mnn
470,6,ミルク,,miruku,susu secara umum(termasuk susu formula),core,mnn
471,6,てがみ,手紙,tegami,surat,core,mnn
472,6,レポート,,repooto,laporan,core,mnn
473,6,しゃしん,写真,shashin,foto,core,mnn
474,6,ビデオ テープ,,bideo teepu,kaset video / VHS,core,mnn
475,6,みせ,店,mise,toko,core,mnn
476,6,にわ,庭,niwa,halaman / taman,core,mnn
477,6,しゅくだい,宿題,shukudai,pekerjaan rumah / PR,core,mnn
478,6,しゅくだいをします,宿題をします,shukudai o shimasu,mengerjakan PR,core,mnn
479,6,テニス,,tenisu,tenis,core,mnn
480,6,テニスをします,,tenisu o shimasu,bermain tenis,core,mnn
481,6,サッカー,,sakkaa,sepak bola,core,mnn
482,6,サッカーをします,,sakkaa o shimasu,bermain sepak bola,core,mnn
483,6,おはなみ,お花見,ohanami,melihat bunga sakura,core,mnn
484,6,おはなみをします,お花見,ohanami o shimasu,melihat dan menikmati bunga sakura,core,mnn
485,6,なに,何,nani,apa,core,mnn
486,6,いっしょに,,issho ni,bersama-sama,core,mnn
487,6,ちょっと,,chotto,sebentar / sedikit,core,mnn
488,6,いつ,,itsu,kapan,core,mnn
489,6,ときどき,,tokidoki,kadang-kadang,core,mnn
490,6,いつも,,itsumo,selalu,core,mnn
491,6,それから,,sorekara,setelah itu / kemudian,info,mnn
492,6,そうですね,,sou desu ne,ya / benar (ungkapan setuju),info,mnn
493,6,ええ,,ee,ya (lebih sopan),info,mnn
494,6,いいですね,,ii desu ne,bagus ya / baik ya,info,mnn
495,6,わかりました,,wakarimashita,mengerti / baik,info,mnn
496,6,なんですか,,nan desu ka,apa?,info,mnn
497,6,じゃ、また[あした],,ja mata [ashita],oke sampai jumpa [besok],info,mnn
498,6,にんじん,人参,ninjin,wortel,ref,mnn
499,6,じゃがいも,,jagaimo,kentang,ref,mnn
500,6,たまねぎ,玉ねぎ,tamanegi,bawang,ref,mnn
501,6,レタス,,retasu,selada/letas,ref,mnn
502,6,きゅうり,胡瓜,kyuuri,timun/mentimun,ref,mnn
503,6,トマト,,tomato,tomat,ref,mnn
504,6,ピーマン,,piiman,paprika,ref,mnn
505,6,なす,茄子,nasu,terong,ref,mnn
506,6,キャベツ,,kyabetsu,kubis / kol,ref,mnn
507,6,ほうれんそう,ほうれん草,hourensou,bayam,ref,mnn
508,6,だいこん,大根,daikon,lobak,ref,mnn
509,6,かぼちゃ,南瓜,kabocha,labu,ref,mnn
510,6,ブロッコリー,,burokkorii,brokoli,ref,mnn
511,6,いんげん,,ingen,kacang panjang / kacang polong,ref,mnn
512,6,ねぎ,葱,negi,daun bawang,ref,mnn
513,6,はくさい,白菜,hakusai,sawi putih,ref,mnn
514,6,りんご,,ringo,apel,ref,mnn
515,6,みかん,,mikan,jeruk,ref,mnn
516,6,バナナ,,banana,pisang,ref,mnn
517,6,ぶどう,,budou,anggur,ref,mnn
518,6,もも,桃,momo,persik,ref,mnn
519,6,すいか,西瓜,suika,semangka,ref,mnn
520,6,さくらんぼ,,sakuranbo,ceri,ref,mnn
521,6,いちご,,ichigo,stroberi,ref,mnn
522,6,なし,梨,nashi,pir,ref,mnn
523,6,かき,柿,kaki,buah kesemek,ref,mnn
524,6,にく,肉,niku,daging,ref,mnn
525,6,ぶたにく,豚肉,butaniku,daging babi,ref,mnn
526,6,ぎゅうにく,牛肉,gyuuniku,daging sapi,ref,mnn
527,6,とりにく,鶏肉,toriniku,daging ayam,ref,mnn
528,6,ソーセージ,,sooseeji,sosis,ref,mnn
529,6,ハム,,hamu,ham,ref,mnn
530,6,さかな,魚,sakana,ikan,ref,mnn
531,6,すずき,鱸,suzuki,ikan gabus / seabass,ref,mnn
532,6,あじ,鯵,aji,ikan horse mackerel / aji,ref,mnn
533,6,いわし,鰯,iwashi,ikan sarden,ref,mnn
534,6,さば,鯖,saba,ikan kembung / makarel,ref,mnn
535,6,さんま,秋刀魚,sanma,ikan sauri pasifik,ref,mnn
536,6,ままかれい,真鰈,mamaka,ikan samma,ref,mnn
537,6,えび,海老,ebi,udang,ref,mnn
538,6,かに,蟹,kani,kepiting,ref,mnn
539,6,いか,烏賊,ika,cumi-cumi,ref,mnn
540,6,たこ,蛸,tako,gurita,ref,mnn
541,6,あさり,浅蜊,asari,kerang,ref,mnn
542,6,はまぐり,蛤,hamaguri,kerang,ref,mnn
543,6,しじみ,蜆,shijimi,kerang kecil,ref,mnn
544,6,たまご,卵,tamago,telur,ref,mnn
545,6,こめ,米,kome,beras,ref,mnn
546,6,まめ,豆,mame,kacang-kacangan,ref,mnn

547,7,きります,切ります,kirimasu,memotong/menggunting,core,mnn
548,7,おくります,送ります,okurimasu,mengirim (surat / paket),core,mnn
549,7,もらいます,,moraimasu,mendapatkan/menerima,core,mnn
550,7,あげます,,agemasu,memberi/memberikan,core,mnn
551,7,かします,貸します,kashimasu,meminjamkan/menyewakan,core,mnn
552,7,かります,借ります,karimasu,meminjam/menyewa,core,mnn
553,7,ならいます,習います,naraimasu,belajar (dari seseorang),core,mnn
554,7,かけます,,kakemasu,menelepon,core,mnn
555,7,あいます,会います,aimasu,bertemu (dengan teman / orang),core,mnn
556,7,でんわをかけます,電話をかけます,denwa o kakemasu,menelepon (dengan teman / orang),core,mnn
557,7,て,手,te,tangan,core,mnn
558,7,はし,箸,hashi,sumpit,core,mnn
559,7,スプーン,,supuun,sendok,core,mnn
560,7,ナイフ,,naifu,pisau,core,mnn
561,7,フォーク,,fooku,garpu,core,mnn
562,7,ハサミ,,hasami,gunting,core,mnn
563,7,コンピューター,,konpyuutaa,komputer / PC,core,mnn
564,7,ケータイ,携帯,keitai,HP / ponsel,core,mnn
565,7,メール,,meeru,e-mail,core,mnn
566,7,ねんがじょう,年賀状,nengajou,kartu tahun baru,core,mnn
567,7,パンチ,,panchi,pelubang kertas,core,mnn
568,7,ホッチキス,,hotchikisu,stapler,core,mnn
569,7,セロテープ,,seroteepu,selotip,core,mnn
570,7,けしゴム,消しゴム,keshigomu,penghapus karet,core,mnn
571,7,かみ,紙,kami,kertas,core,mnn
572,7,はな,花,hana,bunga,core,mnn
573,7,シャツ,,shatsu,kemeja,core,mnn
574,7,プレゼント,,purezento,kado / hadiah,core,mnn
575,7,もの,物,mono,barang / benda,core,mnn
576,7,おかね,お金,okane,uang,core,mnn
577,7,きっぷ,切符,kippu,karcis,core,mnn
578,7,クリスマス,,kurisumasu,Natal,core,mnn
579,7,おとうさん,お父さん,otousan,bapak / ayah kandung / ayah orang lain,core,mnn
580,7,おかあさん,お母さん,okaasan,ibu kandung / ibu orang lain,core,mnn
581,7,もう,,mou,sudah,info,mnn
582,7,まだ,,mada,belum,info,mnn
583,7,これから,,korekara, mulai dari sekarang,info,mnn
584,7,ちち,父,chichi,bapak,core,mnn
585,7,はは,母,haha,ibu,core,mnn
586,7,いいですね,,ii desu ne,[~] bagus ya./[~] indah ya.,info,mnn
587,7,[~,] すてきですね,"[~,] sutekidesune","[~] bagus ya./[~] indah ya.",info,mnn
588,7,いらっしゃいませ,,irasshaimase,selamat datang,info,mnn
589,7,どうぞおはいりください,,douzo ohairi kudasai, silakan masuk,info,mnn
590,7,どうぞおあがりください,,douzo oagari kudasai,silakan masuk,info,mnn
591,7,しつれいします,,shitsurei shimasu,permisi,info,mnn
592,7,[~は] いかがですか,,[~wa] ikagadesuka,"bagaimana [~]? (digunakan saat menawarkan sesuatu kepada orang)",info,mnn
593,7,どうぞめしあがってください,,douzo meshiagatte kudasai,selamat makan (diucapkan sebelum minum/makan),info,mnn
594,7,いただきます,,itadakimasu,selamat makan (diucapkan sebelum minum/makan makanan),info,mnn
595,7,ごちそうさまでした,,gochisousama deshita,terimakasih atas hidangannya (diucapkan setelah makan),info,mnn
596,7,スペイン,,supein,Spanyol,core,mnn
597,7,かぞく,家族,kazoku,keluarga,ref,mnn
598,7,わたしのかぞく,私の家族,watashi no kazoku,keluarga saya,ref,mnn
599,7,そぼ,祖母,sobo,nenek,ref,mnn
600,7,そふ,祖父,sofu,kakek,ref,mnn
601,7,そふぼ,祖父母,sofubo,kakek nenek,ref,mnn
602,7,りょうしん,両親,ryoushin,orang tua,ref,mnn
603,7,いもうと,妹,imouto,adik perempuan,ref,mnn
604,7,おとうと,弟,otouto,adik laki-laki,ref,mnn
605,7,あね,姉,ane,kakak perempuan,ref,mnn
606,7,あに,兄,ani,kakak laki-laki,ref,mnn
607,7,きょうだい,兄弟,kyoudai,saudara,ref,mnn
608,7,つま,妻,tsuma,istri,ref,mnn
609,7,おっと,夫,otto,suami,ref,mnn
610,7,わたし,私,watashi,saya,ref,mnn
611,7,ふうふ,夫婦,fuufu,pasangan suami istri,ref,mnn
612,7,むすめ,娘,musume,anak perempuan,ref,mnn
613,7,むすこ,息子,musuko,anak laki-laki,ref,mnn
614,7,こども,子ども,kodomo,anak,ref,mnn

615,8,ハンサム[な],,hansamu,tampan / gagah / ganteng,adjective-na,mnn
616,8,きれい[な],,kirei,cantik / bersih,adjective-na,mnn
617,8,しずか[な],静か[な],shizuka,sunyi / tenang,adjective-na,mnn
618,8,にぎやか[な],賑やか[な],nigiyaka,ramai,adjective-na,mnn
619,8,ゆうめい[な],有名[な],yuumei,terkenal,adjective-na,mnn
620,8,しんせつ[な],親切[な],shinsetsu,baik hati (tidak untuk keluarga sendiri),adjective-na,mnn
621,8,げんき[な],元気[な],genki,sehat walafiat,adjective-na,mnn
622,8,ひま[な],暇[な],hima,senggang / tidak sibuk,adjective-na,mnn
623,8,べんり[な],便利[な],benri,praktis,adjective-na,mnn
624,8,すてき[な],,suteki,bagus / indah / keren,adjective-na,mnn
625,8,おおきい[い],大きい[い],ookii,besar,adjective-i,mnn
626,8,ちいさい[い],小さい[い],chiisai,kecil,adjective-i,mnn
627,8,あたらしい[い],新しい[い],atarashii,baru,adjective-i,mnn
628,8,ふるい[い],古い[い],furui,lama / tua (barang),adjective-i,mnn
629,8,いい[い],,ii,bagus,adjective-i,mnn
630,8,わるい[い],悪い[い],warui,buruk / jelek,adjective-i,mnn
631,8,あつい[い],暑い[い],atsui,panas (cuaca),adjective-i,mnn
632,8,さむい[い],寒い[い],samui,dingin (cuaca),adjective-i,mnn
633,8,つめたい[い],冷たい[い],tsumetai,dingin (sentuhan / rasa benda),adjective-i,mnn
634,8,むずかしい[い],難しい[い],muzukashii,sulit / susah,adjective-i,mnn
635,8,やさしい[い],易しい[い],yasashii,mudah / gampang,adjective-i,mnn
636,8,たかい[い],高い[い],takai,mahal / tinggi,adjective-i,mnn
637,8,やすい[い],安い[い],yasui,murah,adjective-i,mnn
638,8,ひくい[い],低い[い],hikui,pendek / rendah,adjective-i,mnn
639,8,おもしろい[い],,omoshiroi,menarik,adjective-i,mnn
640,8,おいしい[い],,oishii,enak,adjective-i,mnn
641,8,いそがしい[い],忙しい[い],isogashii,sibuk,adjective-i,mnn
642,8,たのしい[い],楽しい[い],tanoshii,senang,adjective-i,mnn
643,8,いろ,色,iro,warna,noun,mnn
644,8,しろい[い],白い[い],shiroi,putih,adjective-i,mnn
645,8,くろい[い],黒い[い],kuroi,hitam,adjective-i,mnn
646,8,あかい[い],赤い[い],akai,merah,adjective-i,mnn
647,8,あおい[い],青い[い],aoi,biru,adjective-i,mnn
648,8,みどり,緑,midori,hijau,noun,mnn
649,8,むらさき,紫,murasaki,ungu,noun,mnn
650,8,きいろ,黄色,kiiro,kuning,noun,mnn
651,8,ちゃいろ,茶色,chairo,coklat,noun,mnn
652,8,ピンク,,pinku,merah muda,noun,mnn
653,8,オレンジ,,orenji,oranye,noun,mnn
654,8,グレー,,guree,abu-abu,noun,mnn
655,8,クリーム,,kuriimu,krem,noun,mnn
656,8,あじ,味,aji,rasa,noun,mnn
657,8,あまい[い],甘い[い],amai,manis,adjective-i,mnn
658,8,からい[い],辛い[い],karai,pedas,adjective-i,mnn
659,8,にがい[い],苦い[い],nigai,pahit,adjective-i,mnn
660,8,しょっぱい[い],しょっぱい[い],shoppai,asin,adjective-i,mnn
661,8,すっぱい[い],すっぱい[い],suppai,asam,adjective-i,mnn
662,8,こい[い],濃い[い],koi,kental / pekat,adjective-i,mnn
663,8,うすい[い],薄い[い],usui,tawar / encer,adjective-i,mnn
664,8,さくら,桜,sakura,bunga sakura,noun,mnn
665,8,やま,山,yama,gunung,noun,mnn
666,8,まち,町,machi,kota,noun,mnn
667,8,たべもの,食べ物,tabemono,makanan,noun,mnn
668,8,ところ,所,tokoro,tempat,noun,mnn
669,8,りょう,寮,ryou,asrama,noun,mnn
670,8,レストラン,,resutoran,restoran,noun,mnn
671,8,せいかつ,生活,seikatsu,kehidupan,noun,mnn
672,8,しごと,仕事,shigoto,pekerjaan,noun,mnn
673,8,はたらきます,働きます,hatarakimasu,bekerja,verb,mnn
674,8,どう,,dou,bagaimana,expression,mnn
675,8,どんな,,donna,yang bagaimana ~,expression,mnn
676,8,とても,,totemo,sangat,adverb,mnn
677,8,〜ね,,~ne,~sekali (penegasan),particle,mnn
678,8,あまり〜ません,,amari ~masen,kurang begitu ~ / tidak begitu ~,grammar,mnn
679,8,そして,,soshite,kemudian / dan,conjunction,mnn
680,8,でも,,demo,tetapi,conjunction,mnn
681,8,おげんきですか,お元気ですか,ogenki desu ka,apa kabar?,expression,mnn
682,8,どうしましょうか,,dou shimashou ka,bagaimana ya?,expression,mnn
683,8,もういっぱいどうですか,,mou ippai dou desu ka,mau tambah secangkir lagi?,expression,mnn
684,8,"いいえ、けっこうです",,"iie, kekkou desu","[Tidak,] terima kasih, saya sudah cukup",expression,mnn
685,8,もう〜ました,,mou ~mashita,sudah ~ [ya],grammar,mnn
686,8,しつれいします,,shitsurei shimasu,"maaf, saya mau pamit dulu",expression,mnn
687,8,どういたしまして,,dou itashimashite,sama-sama,expression,mnn
688,8,またいらっしゃってください,,mata irasshatte kudasai,silakan datang lagi,expression,mnn
689,8,さくら,桜,sakura,bunga sakura,noun,mnn
690,8,やま,山,yama,gunung,noun,mnn
691,8,まち,町,machi,kota,noun,mnn
692,8,たべもの,食べ物,tabemono,makanan,noun,mnn
693,8,ところ,所,tokoro,tempat,noun,mnn
694,8,りょう,寮,ryou,asrama,noun,mnn
695,8,レストラン,,resutoran,restoran,noun,mnn
696,8,せいかつ,生活,seikatsu,kehidupan,noun,mnn
697,8,しごと,仕事,shigoto,pekerjaan,noun,mnn
698,8,はたらきます,働きます,hatarakimasu,bekerja,verb,mnn
699,8,しごとをします,仕事をします,shigoto o shimasu,bekerja,verb,mnn
700,8,どう,,dou,bagaimana,expression,mnn
701,8,どんな,,donna,yang bagaimana ~,expression,mnn
702,8,とても,,totemo,sangat,adverb,mnn
703,8,〜ね,,~ne,~sekali (penegasan),particle,mnn
704,8,あまり〜ません,,amari ~masen,kurang begitu ~ / tidak begitu ~,grammar,mnn
705,8,そして,,soshite,kemudian / dan,conjunction,mnn
706,8,~が~,,~ga~,tetapi / namun (penghubung kalimat),particle,mnn
707,8,おげんきですか,お元気ですか,ogenki desu ka,apa kabar?,expression,mnn
708,8,どうしましょうか,,dou shimashou ka,bagaimana ya?,expression,mnn
709,8,もういっぱいどうですか,,mou ippai dou desu ka,mau tambah secangkir lagi?,expression,mnn
710,8,いいえ、けっこうです,,"iie, kekkou desu","[Tidak,] terima kasih, saya sudah cukup",expression,mnn
711,8,もう〜ました,,mou ~mashita,sudah ~ [ya],grammar,mnn
712,8,しつれいします,,shitsurei shimasu,"maaf, saya mau pamit dulu",expression,mnn
713,8,どういたしまして,,dou itashimashite,sama-sama,expression,mnn
714,8,またいらっしゃってください,,mata irasshatte kudasai,silakan datang lagi,expression,mnn
715,8,シャンハイ,上海,shanhai,kota Shanghai,proper-noun,mnn
716,8,きんかくじ,金閣寺,kinkakuji,kuil Kinkakuji,proper-noun,mnn
717,8,ならこうえん,奈良公園,nara kouen,taman Nara,proper-noun,mnn
718,8,ふじさん,富士山,fujisan,gunung Fuji (gunung tertinggi di Jepang),proper-noun,mnn
719,8,しちにんのさむらい,七人の侍,shichinin no samurai,Tujuh Orang Samurai (film lama Akira Kurosawa),proper-noun,mnn
720,8,はる,春,haru,musim semi,noun,mnn
721,8,なつ,夏,natsu,musim panas,noun,mnn
722,8,あき,秋,aki,musim gugur,noun,mnn
723,8,ふゆ,冬,fuyu,musim dingin,noun,mnn

724,9,わかります,,wakarimasu,mengerti / paham,verb,mnn
725,9,あります,,arimasu,ada (benda mati) / mempunyai,verb,mnn
726,9,すき[な],好き[な],suki,"suka, gemar",adjective-na,mnn
727,9,きらい[な],嫌い[な],kirai,tidak suka,adjective-na,mnn
728,9,じょうず[な],上手[な],jouzu,pandai / pintar / mahir,adjective-na,mnn
729,9,へた[な],下手[な],heta,tidak pandai / tidak pintar,adjective-na,mnn
730,9,のみもの,飲み物,nomimono,minuman,noun,mnn
731,9,りょうり,料理,ryouri,masakan,noun,mnn
732,9,りょうりをします,,ryouri o shimasu,memasak,verb,mnn
733,9,スポーツ,,supootsu,olahraga,noun,mnn
734,9,スポーツをします,,supootsu o shimasu,berolahraga,verb,mnn
735,9,やきゅう,野球,yakyuu,baseball,noun,mnn
736,9,やきゅうをします,野球をします,yakyuu o shimasu,bermain baseball,verb,mnn
737,9,ダンス,,dansu,dansa / tari / dance,noun,mnn
738,9,ダンスをします,,dansu o shimasu,berdansa,verb,mnn
739,9,りょこう,旅行,ryokou,tamasya / perjalanan,noun,mnn
740,9,りょこうをします,旅行をします,ryokou o shimasu,bertamasya / melakukan perjalanan,verb,mnn
741,9,おんがく,音楽,ongaku,musik,noun,mnn
742,9,うた,歌,uta,lagu,noun,mnn
743,9,クラシック,,kurashikku,klasik,noun,mnn
744,9,ジャズ,,jazu,jazz,noun,mnn
745,9,コンサート,,konsaato,konser,noun,mnn
746,9,カラオケ,,karaoke,karaoke,noun,mnn
747,9,かぶき,歌舞伎,kabuki,Kabuki (salah satu drama tradisional Jepang),noun,mnn
748,9,え,絵,e,gambar,noun,mnn
749,9,じ,字,ji,huruf,noun,mnn
750,9,かんじ,漢字,kanji,kanji,noun,mnn
751,9,ひらがな,,hiragana,hiragana,noun,mnn
752,9,カタカナ,,katakana,katakana,noun,mnn
753,9,ローマじ,ローマ字,roomaji,huruf latin,noun,mnn
754,9,おかね,お金,okane,uang kecil / receh,noun,mnn
755,9,きっぷ,切符,kippu,tiket,noun,mnn
756,9,じかん,時間,jikan,jam / waktu,noun,mnn
757,9,ようじ,用事,youji,urusan,noun,mnn
758,9,やくそく,約束,yakusoku,janji,noun,mnn
759,9,やくそくをします,約束をします,yakusoku o shimasu,membuat janji,verb,mnn
760,9,アルバイト,,arubaito,kerja paruh waktu,noun,mnn
761,9,アルバイトをします,,arubaito o shimasu,bekerja paruh waktu,verb,mnn
762,9,ごしゅじん,ご主人,goshujin,suami (digunakan untuk menyebutkan suami orang lain),noun,mnn
763,9,おくさん,奥さん,okusan,istri (digunakan untuk menyebutkan istri orang lain),noun,mnn
764,9,おっと,夫,otto / shujin,suami,noun,mnn
765,9,つま,妻,tsuma / kanai,istri,noun,mnn
766,9,こども,子ども,kodomo,anak,noun,mnn
767,9,よく,,yoku,dengan baik,adverb,mnn
768,9,だいたい,,daitai,kira-kira,adverb,mnn
769,9,たくさん,,takusan,banyak,adverb,mnn
770,9,すこし,少し,sukoshi,sedikit,adverb,mnn
771,9,ぜんぜん,全然,zenzen,sama sekali (diikuti kalimat negatif),adverb,mnn
772,9,はやく,早く,hayaku,dengan cepat / cepatlah,adverb,mnn
773,9,〜から,,~ kara,karena 〜 / sebab 〜,expression,mnn
774,9,どうして,,doushite,kenapa,expression,mnn
775,9,かして ください,貸してください,kashite kudasai,tolong pinjamkan,expression,mnn
776,9,いいですよ,,ii desu yo,boleh,expression,mnn
777,9,ざんねんですね,残念ですね,zannen desu ne,sayang sekali,expression,mnn
778,9,ああ／あっ,,aa / a,ah / oh,expression,mnn
779,9,いっしょに いかがですか,一緒にいかがですか,issho ni ikaga desu ka,Bagaimana kalau bersama-sama?,expression,mnn
780,9,すみません。[〜は] ちょっと…,,sumimasen. ~ wa chotto...,"Maaf ya, saya tidak bisa [〜]. (ungkapan menolak secara tidak langsung)",expression,mnn
781,9,だめですか,,dame desu ka,Tidak bisa ya? / Tidak boleh ya?,expression,mnn
782,9,また こんど おねがいします,また今度お願いします,mata kondo onegaishimasu,"Maaf, lain kali saja. (menolak dengan menjaga perasaan)",expression,mnn
783,9,ポップス,,poppusu,musik pop,noun,mnn
784,9,ロック,,rokku,musik rock,noun,mnn
785,9,ジャズ,,jazu,musik jazz,noun,mnn
786,9,ラテンおんがく,ラテン音楽,raten ongaku,musik latin,noun,mnn
787,9,クラシック,,kurashikku,musik klasik,noun,mnn
788,9,みんよう,民謡,minyou,musik rakyat / nyanyian daerah,noun,mnn
789,9,えんか,演歌,enka,lagu tradisional Jepang populer,noun,mnn
790,9,ミュージカル,,myuujikaru,drama musikal,noun,mnn
791,9,オペラ,,opera,opera,noun,mnn
792,9,エスエフえいが,SF映画,esu-efu eiga,film fiksi ilmiah,noun,mnn
793,9,ホラーえいが,ホラー映画,horaa eiga,film horor,noun,mnn
794,9,アニメ,,anime,film kartun / animasi,noun,mnn
795,9,ドキュメンタリー,,dokyumentarii,film dokumentasi,noun,mnn
796,9,れんあいえいが,恋愛映画,renai eiga,film percintaan,noun,mnn
797,9,ミステリーえいが,ミステリー映画,misuterii eiga,film misteri,noun,mnn
798,9,ぶんがくえいが,文学映画,bungaku eiga,film kesusastraan,noun,mnn
799,9,せんそうえいが,戦争映画,sensou eiga,film peperangan,noun,mnn
800,9,アクションえいが,アクション映画,akushon eiga,film action,noun,mnn
801,9,きげき,喜劇,kigeki,film komedi,noun,mnn
802,9,ソフトボール,,sofutobooru,softball,noun,mnn
803,9,サッカー,,sakkaa,sepak bola,noun,mnn
804,9,ラグビー,,ragubii,rugby,noun,mnn
805,9,バレーボール,,bareebo-ru,voli,noun,mnn
806,9,バスケットボール,,basukettobooru,basket,noun,mnn
807,9,テニス,,tenisu,tenis,noun,mnn
808,9,ボーリング,,booringu,bowling,noun,mnn
809,9,スキー,,sukii,ski,noun,mnn
810,9,スケート,,sukeeto,skate,noun,mnn
811,9,やきゅう,野球,yakyuu,baseball,noun,mnn
812,9,たっきゅう,卓球,takkyuu,ping-pong / tenis meja,noun,mnn
813,9,すもう,相撲,sumou,sumo (gulat tradisional Jepang),noun,mnn
814,9,じゅうどう,柔道,juudou,judo (olahraga tradisional Jepang),noun,mnn
815,9,けんどう,剣道,kendou,kendo (olahraga tradisional Jepang),noun,mnn
816,9,すいえい,水泳,suiei,renang,noun,mnn

817,10,あります,,arimasu,"ada (digunakan untuk benda mati, termasuk tumbuhan juga disini masuknya benda mati karena dia tidak bergerak)",verb,mnn
818,10,います,,imasu,ada (digunakan untuk makhluk hidup: orang / hewan),verb,mnn
819,10,いろいろ[な],,iroiro [na],berbagai,adjective-na,mnn
820,10,おとこのひと,男の人,otoko no hito,orang laki-laki,noun,mnn
821,10,おんなのひと,女の人,onna no hito,orang perempuan,noun,mnn
822,10,おとこのこ,男の子,otoko no ko,anak laki-laki,noun,mnn
823,10,おんなのこ,女の子,onna no ko,anak perempuan,noun,mnn
824,10,いぬ,犬,inu,anjing,noun,mnn
825,10,ねこ,猫,neko,kucing,noun,mnn
826,10,パンダ,,panda,panda,noun,mnn
827,10,ぞう,象,zou,gajah,noun,mnn
828,10,き,木,ki,pohon,noun,mnn
829,10,もの,物,mono,barang / benda,noun,mnn
830,10,でんち,電池,denchi,baterai,noun,mnn
831,10,はこ,箱,hako,kotak,noun,mnn
832,10,スイッチ,,suicchi,tombol / sakelar,noun,mnn
833,10,れいぞうこ,冷蔵庫,reizouko,kulkas / lemari es,noun,mnn
834,10,テーブル,,teeburu,meja makan,noun,mnn
835,10,ベッド,,beddo,tempat tidur,noun,mnn
836,10,たんす,,tansu,lemari,noun,mnn
837,10,ドア,,doa,pintu,noun,mnn
838,10,まど,窓,mado,jendela,noun,mnn
839,10,ポスト,,posuto,kotak surat,noun,mnn
840,10,ビル,,biru,gedung,noun,mnn
841,10,エーティーエム,ATM,eetiiemu,ATM / anjungan tunai mandiri,noun,mnn
842,10,コンビニ,,konbini,minimarket/toko 24 jam,noun,mnn
843,10,こうえん,公園,kouen,taman,noun,mnn
844,10,きっさてん,喫茶店,kissaten,coffee shop,noun,mnn
845,10,〜や,,~ ya,toko 〜,suffix,mnn
846,10,のりば,乗り場,noriba,tempat naik,noun,mnn
847,10,けん,県,ken,prefektur,noun,mnn
848,10,うえ,上,ue,atas,noun,mnn
849,10,した,下,shita,bawah,noun,mnn
850,10,まえ,前,mae,depan / muka,noun,mnn
851,10,うしろ,後ろ,ushiro,belakang,noun,mnn
852,10,みぎ,右,migi,kanan,noun,mnn
853,10,ひだり,左,hidari,kiri,noun,mnn
854,10,なか,中,naka,dalam,noun,mnn
855,10,そと,外,soto,luar,noun,mnn
856,10,となり,隣,tonari,sebelah,noun,mnn
857,10,ちかく,近く,chikaku,dekat,noun,mnn
858,10,あいだ,間,aida,antara,noun,mnn
859,10,とおい,遠い,tooi,jauh,adjective-i,mnn
860,10,〜と 〜[など],,~ to ~ [nado],〜 dan 〜 [dan lain-lain],expression,mnn
861,10,[どうも] すみません,,[doumo] sumimasen,Terima kasih [banyak],expression,mnn
862,10,ナンプラー,,nam puraa,kecap ikan,noun,mnn
863,10,うりば,売り場,uriba,tempat / bagian penjualan,noun,mnn
864,10,いちばん した,,ichiban shita,paling bawah,expression,mnn
865,10,いちばん うえ,,ichiban ue,paling atas,expression,mnn
866,10,はし,端,hashi,paling ujung,noun,mnn
867,10,いちばん ひだり,,ichiban hidari,paling kiri,expression,mnn
868,10,いちばん みぎ,,ichiban migi,paling kanan,expression,mnn
869,10,いちばん まえ,,ichiban mae,paling depan,expression,mnn
870,10,いちばん うしろ,,ichiban ushiro,paling belakang,expression,mnn
871,10,とうきょうディズニーランド,東京ディズニーランド,toukyou dizunii rando,Tokyo Disneyland,proper-noun,mnn
872,10,スーパー,,suupaa,pasar swalayan (fiksi),noun,mnn
873,10,うち,家,uchi,rumah,noun,mnn
874,10,うちのなか,家の中,uchi no naka,di dalam rumah,expression,mnn
875,10,げんかん,玄関,genkan,pintu masuk,noun,mnn
876,10,トイレ,,toire,toilet,noun,mnn
877,10,おふろ,お風呂,ofuro,kamar mandi,noun,mnn
878,10,せんめんじょ,洗面所,senmenjo,tempat cuci tangan,noun,mnn
879,10,だいどころ,台所,daidokoro,dapur,noun,mnn
880,10,しょくどう,食堂,shokudou,ruang makan,noun,mnn
881,10,いま,居間,ima,ruang tamu,noun,mnn
882,10,しんしつ,寝室,shinshitsu,kamar tidur,noun,mnn
883,10,ろうか,廊下,rouka,koridor,noun,mnn
884,10,ベランダ,,beranda,teras,noun,mnn
885,10,しょさい,書斎,shosai,ruang kerja,noun,mnn
886,10,リビング,,ribingu,ruang santai,noun,mnn
887,10,ガレージ,,gareeji,garasi,noun,mnn
888,10,ばしょ,場所,basho,tempat,noun,mnn
889,10,いけ,池,ike,kolam,noun,mnn
890,10,こうえん,公園,kouen,taman,noun,mnn
891,10,きっさてん,喫茶店,kissaten,kedai kopi,noun,mnn
892,10,ほんや,本屋,honya,toko buku,noun,mnn
893,10,〜や,,ya,toko ~,suffix,mnn

894,11,います [こどもが〜],います [子どもが〜],imasu [kodomo ga ~],"ada, mempunyai [anak]",expression,mnn
895,11,います [にほんに〜],います [日本に〜],imasu [nihon ni ~],ada [di Jepang],expression,mnn
896,11,たべます,食べます,tabemasu,memakan,verb,mnn
897,11,かかります,,kakarimasu,"memakan, perlu (digunakan untuk waktu dan uang)",verb,mnn
898,11,やすみます [かいしゃを〜],休みます [会社を〜],yasumimasu [kaisha o ~],tidak masuk [kerja],verb,mnn
899,11,ひとつ,1つ,hitotsu,satu (kata bantu bilangan yang digunakan untuk menghitung barang),counter,mnn
900,11,ふたつ,2つ,futatsu,dua,counter,mnn
901,11,みっつ,3つ,mittsu,tiga,counter,mnn
902,11,よっつ,4つ,yottsu,empat,counter,mnn
903,11,いつつ,5つ,itsutsu,lima,counter,mnn
904,11,むっつ,6つ,muttsu,enam,counter,mnn
905,11,ななつ,7つ,nanatsu,tujuh,counter,mnn
906,11,やっつ,8つ,yattsu,delapan,counter,mnn
907,11,ここのつ,9つ,kokonotsu,sembilan,counter,mnn
908,11,とお,10,too,sepuluh,counter,mnn
909,11,いくつ,,ikutsu,berapa,counter,mnn
910,11,ひとり,1人,hitori,seorang,counter,mnn
911,11,ふたり,2人,futari,dua orang,counter,mnn
912,11,一にん,一人,一nin,一 orang,counter,mnn
913,11,一だい,一台,一dai,"buah (kata bantu bilangan yang digunakan untuk menghitung mesin, mobil atau kendaraan)",counter,mnn
914,11,一まい,一枚,一mai,lembar / helai (kata bantu bilangan yang digunakan untuk menghitung kertas dan perangko),counter,mnn
915,11,一かい,一回,一kai,一 kali,counter,mnn
916,11,りんご,,ringo,apel,noun,mnn
917,11,みかん,,mikan,jeruk,noun,mnn
918,11,サンドイッチ,,sandoicchi,sandwich,noun,mnn
919,11,カレー[ライス],,karee [raisu],[nasi dan] kare,noun,mnn
920,11,アイスクリーム,,aisu kuriimu,es krim,noun,mnn
921,11,きって,切手,kitte,perangko,noun,mnn
922,11,はがき,,hagaki,kartu pos,noun,mnn
923,11,ふうとう,封筒,fuutou,amplop,noun,mnn
924,11,りょうしん,両親,ryoushin,orang tua,noun,mnn
925,11,きょうだい,兄弟,kyoudai,saudara / saudari,noun,mnn
926,11,あに,兄,ani,kakak laki-laki (kakak sendiri),noun,mnn
927,11,おにいさん,,oniisan,kakak laki-laki (orang lain),noun,mnn
928,11,あね,姉,ane,kakak perempuan (kakak sendiri),noun,mnn
929,11,おねえさん,,oneesan,kakak perempuan (orang lain),noun,mnn
930,11,おとうと,弟,otouto,adik laki-laki (adik sendiri),noun,mnn
931,11,おとうとさん,,otouto-san,adik laki-laki (orang lain),noun,mnn
932,11,いもうと,妹,imouto,adik perempuan (adik sendiri),noun,mnn
933,11,いもうとさん,,imouto-san,adik perempuan (orang lain),noun,mnn
934,11,がいこく,外国,gaikoku,luar negeri,noun,mnn
935,11,りゅうがくせい,留学生,ryuugakusei,pelajar asing,noun,mnn
936,11,クラス,,kurasu,kelas,noun,mnn
937,11,一ふん,一分,一fun,一 menit,counter,mnn
938,11,一じかん,一時間,一jikan,一 jam,counter,mnn
939,11,いちにち,一日,ichinichi,"一 hari (Sama dengan membaca tanggal, tetapi 1日 tidak dibaca ついたち melainkan いちにち.)",counter,mnn
940,11,一しゅうかん,一週間,一shuukan,一 minggu,counter,mnn
941,11,一かげつ,一か月,一kagetsu,一 bulan,counter,mnn
942,11,一ねん,一年,一nen,一 tahun,counter,mnn
943,11,〜ぐらい,,gurai,kira-kira 〜,expression,mnn
944,11,どのくらい,,dono kurai,berapa lama,expression,mnn
945,11,ぜんぶ,,zenbu,semuanya,noun,mnn
946,11,みんな,,minna,semua,noun,mnn
947,11,〜だけ,,~dake,hanya 〜 / 〜 saja,expression,mnn
948,11,かしこまりました,,kashikomarimashita,baik (mengerti / siap melaksanakan),expression,mnn
949,11,いい [お]てんきですね,いい [お]天気ですね,ii otenki desu ne,cuacanya bagus ya,expression,mnn
950,11,[お]でかけますか,[お]出かけますか,[o]dekakemasu ka,mau keluar?,expression,mnn
951,11,ちょっと 〜まで,,chotto ~ made,ke ~ sebentar,expression,mnn
952,11,いってらっしゃい,行ってらっしゃい,itte rasshai,hati-hati,expression,mnn
953,11,いってきます,行ってきます,itte kimasu,saya berangkat,expression,mnn
954,11,ふなびん,船便,funabin,pos laut,noun,mnn
955,11,こうくうびん,航空便,koukuubin,pos udara,noun,mnn
956,11,おねがいします,お願いします,onegaishimasu,tolong,expression,mnn
957,11,オーストラリア,,oosutoraria,Australia,noun,mnn
958,11,メニュー,,menyuu,menu,noun,mnn
959,11,ていしょく,定食,teishoku,makanan paket,noun,mnn
960,11,ひるごはん,昼ごはん,hirugohan,paket makan siang,noun,mnn
961,11,てんどん,天丼,tendon,semangkuk nasi dengan tempura dan sayuran di atasnya,noun,mnn
962,11,おやこどん,親子丼,oyakodon,semangkuk nasi dengan daging ayam dan telur di atasnya,noun,mnn
963,11,ぎゅうどん,牛丼,gyuudon,semangkuk nasi dengan daging sapi di atasnya,noun,mnn
964,11,やきにく,焼き肉,yakiniku,daging panggang,noun,mnn
965,11,やさいいため,野菜炒め,yasai itame,sayur goreng,noun,mnn
966,11,つけもの,漬物,tsukemono,asinan,noun,mnn
967,11,みそしる,みそ汁,misoshiru,sup miso,noun,mnn
968,11,おにぎり,,onigiri,nasi bola (nasi kepal),noun,mnn
969,11,てんぷら,天ぷら,tempura,tempura,noun,mnn
970,11,すし,寿司,sushi,nasi yang dicampur cuka dan diberi ikan mentah,noun,mnn
971,11,うどん,,udon,mie Jepang dari tepung terigu (ukuran besar),noun,mnn
972,11,そば,,soba,mie Jepang berwarna agak kehitaman,noun,mnn
973,11,ラーメン,,raamen,mie Jepang dari tepung terigu dan telur,noun,mnn
974,11,やきそば,焼きそば,yakisoba,mie goreng Jepang,noun,mnn
975,11,おこのみやき,お好み焼き,okonomiyaki,makanan gorengan tepung dimasak di atas loyang,noun,mnn
976,11,カレーライス,,karee raisu,nasi kare,noun,mnn
977,11,ハンバーグ,,hanbaagu,hamburg,noun,mnn
978,11,コロッケ,,korokke,kroket,noun,mnn
979,11,エビフライ,,ebifurai,udang goreng tepung roti,noun,mnn
980,11,からあげ,,karaage,ayam goreng,noun,mnn
981,11,サラダ,,sarada,salad,noun,mnn
982,11,スープ,,suupu,sup,noun,mnn
983,11,スパゲッティ,,supagetti,spaghetti,noun,mnn
984,11,ピザ,,piza,pizza,noun,mnn
985,11,ハンバーガー,,hanbaagaa,burger,noun,mnn
986,11,サンドイッチ,,sandoitchi,sandwich,noun,mnn
987,11,トースト,,toosuto,roti panggang,noun,mnn
988,11,コーヒー,,koohii,kopi,noun,mnn
989,11,おちゃ,お茶,ocha,teh/teh Jepang/teh hijau,noun,mnn
990,11,こうちゃ,紅茶,koucha,teh hitam,noun,mnn
991,11,りょくちゃ,緑茶,ryokucha,teh hijau,noun,mnn
992,11,ココア,,kokoa,minuman coklat,noun,mnn
993,11,ジュース,,juusu,jus,noun,mnn
994,11,コーラ,,koora,coca cola,noun,mnn

995,12,かんたん[な],簡単[な],kantan [na],mudah / gampang,adjective-na,mnn
996,12,ちかい,近い,chikai,dekat,adjective-i,mnn
997,12,とおい,遠い,tooi,jauh,adjective-i,mnn
998,12,はやい,"速い / 早い",hayai,cepat,adjective-i,mnn
999,12,おそい,遅い,osoi,lambat,adjective-i,mnn
1000,12,おおい [ひとが〜],多い [人が〜],ooi [hito ga ~],banyak (orang),adjective-i,mnn
1001,12,すくない [ひとが〜],少ない [人が〜],sukunai [hito ga ~],sedikit (orang),adjective-i,mnn
1002,12,あたたかい,"暖かい / 温かい",atatakai,hangat,adjective-i,mnn
1003,12,すずしい,涼しい,suzushii,sejuk,adjective-i,mnn
1004,12,あまい,甘い,amai,manis,adjective-i,mnn
1005,12,からい,辛い,karai,pedas,adjective-i,mnn
1006,12,おもい,重い,omoi,berat,adjective-i,mnn
1007,12,かるい,軽い,karui,ringan,adjective-i,mnn
1008,12,いい [コーヒーが〜],いい [コーヒーが〜],ii [koohii ga ~],lebih baik [kopi],expression,mnn
1009,12,きせつ,季節,kisetsu,musim,noun,mnn
1010,12,はる,春,haru,musim semi,noun,mnn
1011,12,なつ,夏,natsu,musim panas,noun,mnn
1012,12,あき,秋,aki,musim gugur,noun,mnn
1013,12,ふゆ,冬,fuyu,musim dingin,noun,mnn
1014,12,てんき,天気,tenki,cuaca,noun,mnn
1015,12,あめ,雨,ame,hujan,noun,mnn
1016,12,ゆき,雪,yuki,salju,noun,mnn
1017,12,くもり,曇り,kumori,mendung,noun,mnn
1018,12,ホテル,,hoteru,hotel,noun,mnn
1019,12,くうこう,空港,kuukou,bandara,noun,mnn
1020,12,うみ,海,umi,laut,noun,mnn
1021,12,せかい,世界,sekai,dunia,noun,mnn
1022,12,パーティー,,paatii,pesta,noun,mnn
1023,12,パーティーをします,パーティーをします,paatii o shimasu,berpesta / mengadakan pesta,verb,mnn
1024,12,[お]まつり,[お]祭り,[o]matsuri,perayaan,noun,mnn
1025,12,めいしょ,名所,meisho,tempat terkenal,noun,mnn
1026,12,すきやき,すき焼き,sukiyaki,Sukiyaki (masakan daging sapi dan sayur dimasak dalam panci),noun,mnn
1027,12,さしみ,刺身,sashimi,Sashimi (ikan mentah yang dipotong tipis),noun,mnn
1028,12,すし,寿司,sushi,Sushi (nasi dicampur cuka dengan ikan mentah di atasnya),noun,mnn
1029,12,てんぷら,天ぷら,tempura,Tempura (gorengan sari laut dan sayur dengan tepung terigu),noun,mnn
1030,12,ぶたにく,豚肉,butaniku,daging babi,noun,mnn
1031,12,とりにく,鶏肉,toriniku,daging ayam,noun,mnn
1032,12,ぎゅうにく,牛肉,gyuuniku,daging sapi,noun,mnn
1033,12,レモン,,remon,lemon,noun,mnn
1034,12,いけばな,生け花,ikebana,seni merangkai bunga,noun,mnn
1035,12,いけばなをします,生け花をします,ikebana o shimasu,merangkai bunga,verb,mnn
1036,12,もみじ,紅葉,momiji,"maple, daun yang berubah warna menjadi merah",noun,mnn
1037,12,どちら,,dochira,yang mana,expression,mnn
1038,12,どちらも,,dochiramo,dua-duanya / yang mana juga,expression,mnn
1039,12,いちばん,,ichiban,paling,adverb,mnn
1040,12,ずっと,,zutto,jauh lebih,adverb,mnn
1041,12,はじめて,初めて,hajimete,untuk pertama kali,adverb,mnn
1042,12,ただいま,,tadaima,saya kembali / saya pulang,expression,mnn
1043,12,おかえりなさい,,okaerinasai,sudah pulang ya,expression,mnn
1044,12,"わあ、すごい ひとですね","わあ、すごい 人ですね","waa, sugoi hito desu ne","Wah, banyak orang.",expression,mnn
1045,12,つかれました,疲れました,tsukaremashita,lelah,expression,mnn
1046,12,ぎおんまつり,祇園祭,Gion Matsuri,perayaan Gion (Kyoto),noun,mnn
1047,12,ホンコン,,honkon,Hongkong,noun,mnn
1048,12,シンガポール,,shingapooru,Singapura,noun,mnn
1049,12,スーパー,,suupaa,pasar swalayan,noun,mnn
1050,12,ぎおんまつり,祇園祭,Gion Matsuri,perayaan Gion (Kyoto),noun,mnn
1051,12,さっぽろ ゆきまつり,札幌雪祭り,Sapporo Yuki Matsuri,festival salju Sapporo,noun,mnn
1052,12,ねぶたまつり,ねぶた祭り,Nebuta Matsuri,festival Nebuta,noun,mnn
1053,12,とうきょうディズニーランド,,Tokyo Disneyland,Tokyo Disneyland,noun,mnn
1054,12,きょうと,京都,Kyouto,Kyoto,noun,mnn
1055,12,なら,奈良,Nara,Nara,noun,mnn
1056,12,ふじさん,富士山,Fujisan,Gunung Fuji,noun,mnn
1057,12,おおさかじょう,大阪城,Oosaka-jou,Kastil Osaka,noun,mnn
1058,12,ぎんざ,銀座,Ginza,Ginza,noun,mnn
1059,12,あさくさ,浅草,Asakusa,Asakusa,noun,mnn

1060,13,あそびます,遊びます,asobimasu,bermain,verb,mnn
1061,13,およぎます,泳ぎます,oyogimasu,berenang,verb,mnn
1062,13,むかえます,迎えます,mukaemasu,menjemput,verb,mnn
1063,13,つかれました,疲れました,tsukaremashita,"lelah (jika menyatakan keadaanlelah, digunakan bentuk た seperti つかれました)",expression,mnn
1064,13,けっこんします,結婚します,kekkon shimasu,menikah,verb,mnn
1065,13,かいものします,買い物します,kaimono shimasu,berbelanja,verb,mnn
1066,13,しょくじします,食事します,shokuji shimasu,makan,verb,mnn
1067,13,"さんぽします [こうえんを〜]",散歩します [公園を〜],sanpo shimasu [kouen o ~],berjalan-jalan [di taman],verb,mnn
1068,13,たいへん[な],大変[な],taihen[na],berat / susah,adjective-na,mnn
1069,13,ほしい,欲しい,hoshii,ingin / mau,adjective-i,mnn
1070,13,ひろい,広い,hiroi,luas,adjective-i,mnn
1071,13,せまい,狭い,semai,sempit,adjective-i,mnn
1072,13,プール,,puuru,kolam renang,noun,mnn
1073,13,かわ,川,kawa,sungai,noun,mnn
1074,13,びじゅつ,美術,bijutsu,seni,noun,mnn
1075,13,つり,釣り,tsuri,memancing,noun,mnn
1076,13,つりをします,釣りをします,tsuri o shimasu,memancing,verb,mnn
1077,13,スキー,,sukii,ski,noun,mnn
1078,13,スキーをします,,sukii o shimasu,bermain ski,verb,mnn
1079,13,しゅうまつ,週末,shuumatsu,akhir pekan,noun,mnn
1080,13,おしょうがつ,お正月,oshougatsu,tahun baru,noun,mnn
1081,13,～ごろ,,~goro,sekitar / kira-kira,suffix,mnn
1082,13,なにか,,nanika,sesuatu,pronoun,mnn
1083,13,どこか,,dokoka,suatu tempat,pronoun,mnn
1084,13,のどがかわきました,喉が渇きました,nodo ga kawakimashita,haus (keadaan),expression,mnn
1085,13,おなかがすきました,お腹が空きました,onaka ga sukimashita,lapar (keadaan),expression,mnn
1086,13,そうですね。,そうですね。,sou desu ne,"Ya, mari. (menyetujui)",expression,mnn
1087,13,なににしますか,,nani ni shimasu ka,mau pesan apa?,expression,mnn
1088,13,ていしょく,定食,teishoku,menu paket,noun,mnn
1089,13,ぎゅうどん,牛丼,gyuudon,gyudon,noun,mnn
1090,13,ちょっとまってください,ちょっと待ってください,chotto matte kudasai,tunggu sebentar,expression,mnn
1091,13,でございます,,de gozaimasu,(bentuk halus dari desu),expression,mnn
1092,13,べつべつに,別々に,betsubetsu ni,sendiri-sendiri / masing-masing,adverb,mnn
1093,13,IMC,,IMC,perusahaan fiksi,noun,mnn
1094,13,レポーター,,repootaa,acara televisi fiksi,noun,mnn
1095,13,まち,町,machi,kota,noun,mnn
1096,13,まちのなか,町の中,machi no naka,di kota,expression,mnn
1097,13,びじゅつかん,美術館,bijutsukan,museum,noun,mnn
1098,13,かんげいじょう,観芸場,kan-geijou,gedung kesenian,noun,mnn
1099,13,としょかん,図書館,toshokan,perpustakaan,noun,mnn
1100,13,えいがかん,映画館,eigakan,gedung bioskop,noun,mnn
1101,13,どうぶつえん,動物園,doubutsuen,kebun binatang,noun,mnn
1102,13,しょくぶつえん,植物園,shokubutsuen,kebun raya,noun,mnn
1103,13,ゆうえんち,遊園地,yuuenchi,taman bermain,noun,mnn
1104,13,おてら,お寺,otera,Kuil/Wihara (Buddha),noun,mnn
1105,13,じんじゃ,神社,jinja,Kuil (Shinto),noun,mnn
1106,13,きょうかい,教会,kyoukai,gereja,noun,mnn
1107,13,モスク,,mosuku,masjid,noun,mnn
1108,13,たいいくかん,体育館,taiikukan,gedung olahraga,noun,mnn
1109,13,プール,,puuru,kolam renang,noun,mnn
1110,13,こうえん,公園,kooen,taman,noun,mnn
1111,13,たいしかん,大使館,taishikan,kedutaan besar,noun,mnn
1112,13,にゅうこくかんりきょく,入国管理局,nyuukoku kanri-kyoku,kantor imigrasi,noun,mnn
1113,13,しやくしょ,市役所,shiyakusho,kantor balai kota,noun,mnn
1114,13,けいさつしょ,警察署,keisatsusho,kantor polisi,noun,mnn
1115,13,こうばん,交番,kouban,pos polisi,noun,mnn
1116,13,しょうぼうしょ,消防署,shoubousho,kantor pemadam kebakaran,noun,mnn
1117,13,ちゅうしゃじょう,駐車場,chuushajou,tempat parkir,noun,mnn
1118,13,だいがく,大学,daigaku,universitas,noun,mnn
1119,13,こうこう,高校,koukou,SMA,noun,mnn
1120,13,ちゅうがっこう,中学校,chuugakkou,SMP,noun,mnn
1121,13,しょうがっこう,小学校,shougakkou,SD,noun,mnn
1122,13,ようちえん,幼稚園,youchien,TK,noun,mnn
1123,13,にくや,肉屋,nikuya,toko daging,noun,mnn
1124,13,ぱんや,パン屋,panya,toko roti,noun,mnn
1125,13,さかなや,魚屋,sakanaya,toko ikan,noun,mnn
1126,13,さけや,酒屋,sakeya,toko minuman keras,noun,mnn
1127,13,やおや,八百屋,yaoya,toko sayur,noun,mnn
1128,13,きっさてん,喫茶店,kissaten,coffee shop,noun,mnn
1129,13,コンビニ,,konbini,toko 24 jam,noun,mnn
1130,13,スーパー,,suupaa,supermarket / pasar swalayan,noun,mnn
1131,13,デパート,,depaato,toko serba ada,noun,mnn